{"action": {"mean": [0.0002487774472683668, 9.049145592143759e-05, -0.00018573609122540802, -0.00022922854986973107, -0.0003564760845620185, 0.0003414059174247086, 0.601532518863678], "std": [0.009968814440071583, 0.014001276344060898, 0.012441379949450493, 0.030632423236966133, 0.031807828694581985, 0.07315205782651901, 0.48934927582740784], "max": [0.41691166162490845, 0.25864794850349426, 0.21218234300613403, 3.122201919555664, 1.8618112802505493, 6.280478477478027, 1.0], "min": [-0.4007510244846344, -0.13874775171279907, -0.22553899884223938, -3.2010786533355713, -1.8618112802505493, -6.279075622558594, 0.0], "p99": [0.028783378005027768, 0.04151881799101827, 0.039755887091159806, 0.0851561394333839, 0.07878528535366057, 0.1652618181705474, 1.0], "p01": [-0.028771269917488098, -0.04231918767094612, -0.025503344386816024, -0.08479442447423935, -0.09434221297502518, -0.16926793217658997, 0.0]}, "num_transitions": 1522603, "num_trajectories": 43807, "proprio": {"mean": [0.3088213801383972, 0.0332694947719574, 0.06341815739870071, 0.010384578257799149, -0.12563671171665192, 0.15714094042778015, 0.7377004027366638], "std": [0.06347861886024475, 0.0912417471408844, 0.05004093423485756, 0.14945539832115173, 0.16339042782783508, 0.6329179406166077, 0.3370118737220764], "max": [0.5862360596656799, 0.4034728705883026, 0.36494991183280945, 1.514088749885559, 1.570796251296997, 3.1415255069732666, 1.1154625415802002], "min": [-0.04167502000927925, -0.2889411449432373, -0.13934996724128723, -3.141592502593994, -1.4840182065963745, -3.14153790473938, 0.04637829214334488], "p99": [0.4598270648717879, 0.24019648641347882, 0.19200521439313886, 0.4122529369592666, 0.269901634454727, 1.9827153968811033, 1.0118417739868164], "p01": [0.1703433746099472, -0.1562432727217674, -0.047397334054112436, -0.40247758209705353, -0.569710819721222, -1.492178840637207, 0.052190229296684265]}}