{"action": {"mean": [0.00026507460279390216, 6.297284562606364e-05, -0.0001993554615182802, -0.0002306300011696294, -0.0003960324393119663, 0.0003078120935242623, 0.5999645590782166], "std": [0.010071021504700184, 0.014168188907206059, 0.012407710775732994, 0.031006522476673126, 0.031767625361680984, 0.07404370605945587, 0.4881058633327484], "max": [0.41691166162490845, 0.25864794850349426, 0.21218234300613403, 3.122201919555664, 1.7708098888397217, 6.272472858428955, 1.0], "min": [-0.4007510244846344, -0.13874775171279907, -0.22553899884223938, -3.2010786533355713, -1.7899951934814453, -6.274782180786133, 0.0], "p99": [0.028940127938985774, 0.041847306899726364, 0.03966190345585326, 0.08670798033475866, 0.07922652676701537, 0.16448318094015116, 1.0], "p01": [-0.028927828073501586, -0.042723950296640396, -0.025487463660538195, -0.08580922268331051, -0.09425532594323158, -0.16927051186561584, 0.0]}, "num_transitions": 1131680, "num_trajectories": 33141, "proprio": {"mean": [0.30846157670021057, 0.03350905328989029, 0.06291021406650543, 0.01036836951971054, -0.12680396437644958, 0.15663929283618927, 0.7348378300666809], "std": [0.06431373953819275, 0.09142657369375229, 0.05023207515478134, 0.15213920176029205, 0.16247157752513885, 0.6336897015571594, 0.33919399976730347], "max": [0.5862360596656799, 0.4034728705883026, 0.356988787651062, 1.3517684936523438, 1.570796251296997, 3.141204357147217, 1.1121242046356201], "min": [-0.04167502000927925, -0.2889411449432373, -0.13934996724128723, -3.141592502593994, -1.4840182065963745, -3.14153790473938, 0.04637829214334488], "p99": [0.46119399875402445, 0.2424323485791683, 0.19251187890768048, 0.4212326014041896, 0.26415274083614343, 1.9773745405673964, 1.0118417739868164], "p01": [0.16884984955191612, -0.156719820946455, -0.048287139683961866, -0.40965472102165224, -0.5730215406417847, -1.4984725606441498, 0.05192930996417999]}}
