{"action": {"mean": [0.00472870422527194, -0.004771196283400059, -0.006378202699124813, 0.0, 0.0, -0.00410821009427309, 0.40726158022880554], "std": [0.023141000419855118, 0.024508073925971985, 0.040582723915576935, 0.0, 0.0, 0.008981095626950264, 0.4913138747215271], "max": [0.07999999821186066, 0.063314288854599, 0.07999999821186066, 0.0, -0.0, 0.03141592815518379, 1.0], "min": [-0.07999999821186066, -0.07999999821186066, -0.07999999821186066, 0.0, -0.0, -0.06632251292467117, 0.0], "p99": [0.07999999821186066, 0.035723427422344675, 0.07999999821186066, 0.0, 0.0, 0.015957295894622803, 1.0], "p01": [-0.057275428511202334, -0.07999999821186066, -0.07999999821186066, 0.0, -0.0, -0.03323356322944164, 0.0]}, "num_transitions": 4572, "num_trajectories": 120, "proprio": {"mean": [0.5259774327278137, 0.06635928899049759, -0.20346637070178986, -3.1240532398223877, 0.019446486607193947, -0.05256999656558037, 0.381014883518219], "std": [0.06368643790483475, 0.0794450119137764, 0.04542342200875282, 0.0025297070387750864, 0.004286383744329214, 0.040285538882017136, 0.48564115166664124], "max": [0.6660677790641785, 0.15425315499305725, -0.14302153885364532, -3.116692543029785, 0.02925642393529415, 0.05340013653039932, 1.0], "min": [0.43710973858833313, -0.0979224443435669, -0.2743334472179413, -3.1316137313842773, 0.0007134926854632795, -0.2575383186340332, 0.0], "p99": [0.6564197880029679, 0.1502361576259136, -0.14703855246305467, -3.11868159532547, 0.028194190599024293, 0.032943203113973134, 1.0], "p01": [0.44388094812631607, -0.08865376964211463, -0.2728223541378975, -3.130353636741638, 0.007622776576317847, -0.1968974579870701, 0.0]}}