{"action": {"mean": [-0.0007102517411112785, 0.009755830280482769, -0.007227689027786255, 0.0, 0.0, -0.004094990901648998, 0.41811564564704895], "std": [0.012208078056573868, 0.019041184335947037, 0.0293332077562809, 0.0, 0.0, 0.015842566266655922, 0.4932434558868408], "max": [0.03999999910593033, 0.03999999910593033, 0.03999999910593033, 0.0, -0.0, 0.0752984881401062, 1.0], "min": [-0.03771428391337395, -0.03999999910593033, -0.03999999910593033, 0.0, -0.0, -0.07853981852531433, 0.0], "p99": [0.03538857121020562, 0.03999999910593033, 0.03999999910593033, 0.0, -0.0, 0.03518085181713113, 1.0], "p01": [-0.028874286450445652, -0.034245715476572514, -0.03999999910593033, 0.0, 0.0, -0.050863880664110184, 0.0]}, "num_transitions": 4946, "num_trajectories": 80, "proprio": {"mean": [0.5267568230628967, -0.02874581888318062, -0.20495808124542236, -3.1236791610717773, 0.02304120734333992, -0.04858498275279999, 0.41811564564704895], "std": [0.04238615185022354, 0.11889858543872833, 0.08440686762332916, 0.0041482276283204556, 0.006169735454022884, 0.07855920493602753, 0.4932434558868408], "max": [0.6564042568206787, 0.2635412812232971, 0.0001463584922021255, -3.1112372875213623, 0.04303430765867233, 0.12413100153207779, 1.0], "min": [0.40363919734954834, -0.24736851453781128, -0.324971079826355, -3.1365559101104736, -0.0009168664109893143, -0.42657607793807983, 0.0], "p99": [0.6353901952505112, 0.2179672293365004, -0.00022026267470209854, -3.1136008381843565, 0.03882974050939083, 0.09530007503926763, 1.0], "p01": [0.42677750438451767, -0.2222359985113144, -0.32181581258773806, -3.1340877532958986, 0.00849494319409132, -0.28509360253810884, 0.0]}}